question,response,found_keywords,location
Известный космонавт владимир коваленок и писатель василь зуёнок имеют родственные связи? В каком поколении?,"Владимир Коваленок и Василь Зуёнок действительно имеют родственные связи. Они являются двоюродными братьями, то есть их отцы были братьями.

Василь Зуёнок родился в 1941 году в селе Костюково, что находится в Киевской области Украины. В его книгах часто затрагиваются темы культуры, истории и нравственности. Он признан одним из самых популярных украинских писателей.

Владимир Коваленок родился в 1942 году в Шевченковском районе города Львова, тоже на территории Украины. Он стал космонавтом и участвовал в трех космических миссиях: ""Союз-25"", ""Союз-29"" и ""Союз ТМ-18"". Кроме того, он был командиром общей экспедиции ""Салют-6""/""Союз-27"".

Таким образом, Владимир Коваленок и Василь Зуёнок являются родственниками второго поколения, поскольку их отцы были братьями. Такие родственные связи зачастую неизвестны широкой публике, однако они как никогда интересны, когда касаются известных людей.",Киев,response
"01.05.2019 года Кирову исполнилось 60 лет, последние 20 лет он официально не был трудоустроен, но при этом имеет 16 лет трудового стажа, полученного на металлургическом комбинате АО «Кокс».Имеет ли он право на получение пенсии по старости? Каким условия должен соответствовать Киров что бы иметь право на получение пенсии? Какими источниками права регулируется решение данного вопроса?","Кирову, которому исполнилось 60 лет, можно оформить пенсию по старости, несмотря на то, что он в течение последних 20 лет официально не был трудоустроен. Он имеет 16 лет трудового стажа, полученного на металлургическом комбинате АО «Кокс». Для того чтобы иметь право на получение пенсии по старости, Киров должен соответствовать следующим условиям:

1. Достигнуть определенного возраста. В России установлено, что мужчина может получить пенсию по старости, если он достиг 60 лет.

2. Набрать определенный стаж работы. В данном случае, Киров имеет 16 лет трудового стажа, что является достаточным для получения пенсии по старости.

Право на получение пенсии по старости регулируется следующими источниками:

1. Конституция Российской Федерации. В ней гарантируются права и свободы граждан, включая право на обеспечение пенсионным обеспечением.

2. Федеральный закон «О пенсионном обеспечении в Российской Федерации». Этот закон определяет правила и условия получения пенсии, включая возрастные ограничения и необходимый стаж работы.

3. Постановления Правительства Российской Федерации. Правительство устанавливает конкретные условия и порядок получения пенсии.

Таким образом, Киров имеет право на получение пенсии по старости, поскольку он достиг указанного возраста и имеет необходимый стаж работы. Данное право регулируется Конституцией Российской Федерации, Федеральным законом «О пенсионном обеспечении в Российской Федерации» и постановлениями Правительства Российской Федерации.",Киров,both
"01.05.2019 года Кирову исполнилось 60 лет, последние 20 лет он официально не был трудоустроен, но при этом имеет 16 лет трудового стажа, полученного на металлургическом комбинате АО «Кокс».Имеет ли он право на получение пенсии по старости с учетом новой пенсионной реформы? Каким условия должен соответствовать Киров что бы иметь право на получение пенсии? Какими источниками права регулируется решение данного вопроса?","Киров, несмотря на то что последние 20 лет официально не был трудоустроен, все равно имеет право на получение пенсии по старости с учетом новой пенсионной реформы, так как общий трудовой стаж составляет 16 лет. 

Условиями, которым он должен соответствовать, чтобы иметь право на получение пенсии, являются:
- наличие достаточного трудового стажа. В соответствии с новой пенсионной реформой, устанавливается постепенное повышение возраста, с которого возможно получить пенсию по старости. На момент вопроса, возраст для мужчин составляет 65 лет, а для женщин - 60 лет. Однако для тех, кто имеет накопительную пенсионную систему или, как в данном случае, достаточный трудовой стаж, учитывается переходный период, в рамках которого возраст для получения пенсии остается прежним;
- наличие накопительной пенсионной системы. В связи с введением новой пенсионной реформы, в России началась поэтапная переход на накопительную пенсионную систему, в рамках которой граждане имеют возможность накапливать средства на личных пенсионных счетах. Это позволяет получать дополнительную пенсию к основной;
- определенные взносы в пенсионный фонд. Размер страховых взносов, уплачиваемых работодателями и работниками, влияют на размер будущих пенсий. Обычно работник уплачивает 22% от своей заработной платы, а работодатель доплачивает еще 2%. Но в случае, если нет официального трудоустройства, возможно, что такие взносы не вносились.

Решение данного вопроса регулируется следующими источниками права:
- Конституцией Российской Федерации, в которой закреплено право граждан на получение пенсии;
- Федеральным законом «О накопительной пенсионной системе в Российской Федерации», указывающем на порядок формирования накопительной пенсии;
- Пенсионным кодексом Российской Федерации, регламентирующим порядок получения и расчета пенсий различных видов;
- Постановлением Правительства Российской Федерации «Об утверждении Правил назначения и выплаты пенсий по старости», которые содержат детальные правила и условия для получения пенсии по старости.",Киров,both
"06/05/2023 Рабы напали на французский город Брест
А в 09/05/2023 Сжигают Париж
Что дальше?
Следующие события по 30/05/2023 (до того, когда восстание будет подавлен)","Во-первых, необходимо понимать, что представленный сценарий является вымыслом, и никаких таких событий на самом деле не произошло. Однако, допустим, что это всё-таки произошло. 

Если речь идет о восстании рабов, то, вероятно, это произошло в результате нарастающей социальной напряженности и неправильных политических решений. Точные причины можно только предположить, но, вероятно, виной стали экономические реформы, неравенство и несправедливость, а также возможно, национальные или религиозные разногласия. 

В случае с Брестом и Парижем можно предположить, что здесь произошли крупные волнения, погромы, возможно, поражение правительственных войск или даже захват городов. Это свидетельствует о широком масштабе протестов и готовности людей бороться за свои права. 

Далее, в первую очередь, правительство французской республики должно принять меры для подавления восстания и восстановления порядка в стране. Будут направлены войска и полиция, чтобы предотвратить дальнейшее распространение беспорядков. 

Однако, подавление восстания может затянуться на некоторое время из-за сильного сопротивления рабов и их сторонников. Могут произойти столкновения, радикализация обеих сторон и ужесточение политического режима. 

Кроме того, такие события не могут оставаться без последствий для Франции и её международных отношений. Возможно, ближайшие соседние страны или международные организации взглянут на Францию с подозрением и считают её неспособной к поддержанию стабильности и правопорядка. 

Более долгосрочные последствия восстания могут быть связаны с изменением политической обстановки в стране. Власти будут вынуждены пересмотреть свою экономическую и социальную политику, чтобы решить проблемы рабов и предотвратить протестные движения в будущем. Возможно, это приведет к изменению состава правительства или даже к принятию новой конституции. 

В целом, такие события могут привести к сильной потрясенности общества и к серьезным изменениям в политической, социальной и экономической жизни Франции. Какими будут эти изменения, зависит от множества факторов, но одно ясно – в любом случае они будут потребовать больших усилий и времени для решения.",Брест,both
"10.02.07 г.В.В.Путин заявил:«Считаю,что для
современного мира однополярная модель не только неприемлема, но и
невозможна.И не только потому, что при единоличном лидерстве в современном- мире не будет хватать ресурсов.Но что важнее:сама модель является неработающей,в ее основе нет и не может быть морально-нравственной базы современной
цивилизации.Односторонние, нелегитимные действия не решили ни одной
проблемы.они стали генератором новых человеческих трагедий и очагов
напряженности.войн, локальных и региональных конфликтов меньше не
стало».
О каких односторонних действиях и каких последствиях говорил
В. В.Путин?Аргументируйте Ваш ответ","В заявлении от 10 февраля 2007 года В. В. Путин выразил свою позицию относительно однополярной модели мира, подчеркивая, что такая модель неприемлема и невозможна для современного мира. По мнению Путина, однополярная модель неэффективна во многих аспектах:

1. **Недостаток ресурсов**: Путин отмечает, что в условиях единоличного лидерства в современном мире не хватит ресурсов. Это означает, что преимущества одной страны или блока приведут к дисбалансу и напряженности в мировых отношениях.

2. **Отсутствие морально-нравственной базы**: По мнению Путина, однополярная модель не имеет моральной основы, соответствующей современной цивилизации. Это может привести к негативным последствиям, так как действия в рамках однополярной модели могут оправдываться лишь собственными интересами лидера.

3. **Односторонние и нелегитимные действия**: Руководствуясь вышесказанными принципами, Путин указывает на то, что однополярная модель часто ведет к односторонним и нелегитимным действиям со стороны лидера. Такие действия не только не решают проблемы, но и могут привести к новым трагедиям и конфликтам.

Следует отметить, что Путин не конкретизировал, на какие именно односторонние действия и последствия он имел в виду. Однако можно предположить, что он говорил о применении силы без согласования с другими участниками мирового сообщества, о нарушении международного права, о поддержке режимов, которые противоречат интересам международного сообщества и о других аспектах, характерных для однополярной модели.

Таким образом, заявление В. В. Путина о неприемлемости однополярной модели мира и о негативных последствиях односторонних действий выражает его точку зрения на глобальные политические и моральные вопросы, аргументированное опасениями по поводу возможного развития мировых событий.",Путин,both
100 тем о чем можно поговорить с парнем,"Беседа с парнем может быть очень интересной и разнообразной, но иногда бывает сложно определить, о чем поговорить. Ниже мы рассмотрим 100 тем о чем можно поговорить с парнем.

1. Путешествия. Спросите его о его самых любимых путешествиях, историях или советах, которые он может поделиться с вами.

2. Спорт. Многие парни любят заниматься спортом, знать о ней статистику, так что попробуйте узнать больше о его любимых командах.

3. Животные. Изучите любимые животные парня и попробуйте узнать больше о его домашних животных.

4. Кино. Узнайте о его любимых жанрах или фильмах, которые он хотел бы посмотреть.

5. Телешоу. Уточните о телешоу, которые он увлекается, и попробуйте поделиться своим любимым телешоу.

6. Музыка. Обратитесь к его музыкальному вкусу, узнайте, кто его любимый исполнитель или группа.

7. Еда. Спросите о его любимой еде, готовке и о его любимых ресторанах.

8. Искусство. Обратитесь к его интересам в искусстве и культуре.

9. Любимые книги. Поинтересуйтесь его любимыми книгами и авторами, которых он хотел бы прочесть.

10. Увлечения. Узнайте о его увлечениях и увлечениях, которые он хотел бы попробовать.

11. Истории из детства. Попробуйте узнать о его детстве, необычных историях, а также друзьях и семье.

12. Хобби. Обратитесь к его хобби, узнайте больше о том, что его интересует.

13. Работа. Поинтересуйтесь о его работе, об ошибки и достижения.

14. Создание нового бизнеса. Если он занимается бизнесом, то попробуйте узнать больше о том, как он создал свою компанию и какие препятствия пришлось преодолеть.

15. Карьерный рост. Попробуйте узнать о его планах на будущее в карьерном росте.

16. Новости. Поинтересуйтесь о самых интересных новостях, которые происходят в мире.

17. Психология. Обратитесь к психологическим аспектам человеческого поведения и чувств, которые присущи каждому.

18. Политика. Будьте осторожны в этой теме и узнайте, какие политические точки зрения он имеет.

19. Философия. Поинтересуйтесь, какые философские взгляды у парня.

20. Религия. Обращайтесь к его религиозным взглядам.

21. Экология. Обратитесь к экологии и способах сохранения окружающей среды. 

22. История. Узнайте о событиях, которые произошли в истории, и как все это повлияло на мир.

23. Наука. Обратитесь к различным научным исследованиям или новым технологическим продуктам.

24. Профессиональный спорт. Обратитесь к новостям и тенденциям профессионального спорта.

25. Будущее. Поинтересуйтесь, что он думает о своем будущем и о планах на долгосрочную перспективу.

26. Отношения. Обратитесь к теме отношений, чтобы узнать, какие у парня взгляды на отношения.

27. Семья. В беседе обязательно должны быть вопросы о семье.

28. Друзья. Спросите о его друзьях и том, каким он считает идеального друга.

29. Любовь. Поговорите о любви и том, что она означает для него.

30. Чувства. Поинтересуйтесь о чувствах и эмоциях, которые выражаются им.

31. Романтика. Спросите, что он думает о романтике, и поделитесь своими мыслями на эту тему.

32. Сексуальность. Будьте осторожным в этой теме и узнайте, что он думает о сексу.

33. Забава. Узнайте о забавных событиях в его жизни и поделитесь своей.

34. Изучение иностранных языков. Обратитесь к изучению иностранных языков и способам общения.

35. Компьютерные игры. Узнайте о любимых компьютерных играх парня.

36. Новинки в технологиях. Обратитесь к передовым технологиям.

37. Путешествия вокруг мира. Спросите о местах, которые он хотел бы посетить.

38. Вкусы. Поговорите о его вкусах в одежде и стиле.

39. Уход за собой. Узнайте, о привычках и заботе парня о своем здоровье и внешности.

40. Отдых. Обратитесь к теме отдыха и поездок за город.

41. Работа в команде. Узнайте о наиболее успешных опытах парня в работе в команде.

42. Работа над собой. Обратитесь к важности саморазвития и улучшения своей жизни.

43. Медитация. Обратитесь к практике медитации, простых упражнениях или тихой общей молитве.

44. Привычки. Разговор об особых привычках и ритуалах, которые помогают умиротвориться.

45. Игры настольные. Попробуйте узнать, что за игры настольные любит парень.

46. Способность управлять финансами. Спросите о финансовых возможностях и целесообразной организации своих денег.

47. Ответственность. Узнайте, насколько ответственным парень является в своей жизни.

48. Планирование. Обратитесь к теме планирования жизни и разных событий.

49. Хорошие и плохие привычки. Обратитесь к вредным привычкам и тому, как избавиться от них.

50. Творчество. Узнайте о креативном потенциале парня, его творческих устремлениях и желании креативно выражаться.

51. Любовь к приключениям. Спросите о самых захватывающих приключениях, которые он пережил в жизни.

52. Личный рост. Обратитесь к теме личного роста и улучшения своей жизни.

53. Опыт работы. Поговорите о его опыте работы, достижениях и препятствиях.

54. Навыки управления. Разговор о навыках управления, как себя, так и других.

55. Карьерный рост. Обратитесь к теме карьерного роста, планах на будущее и препятствиях на пути к успеху.

56. Венчание. Узнайте о его взглядах на брак, семью и венчание.

57. Жизненные ценности. Спросите о его взглядах на жизнь, принципах и ценностях.

58. Музыкальные инструменты. Узнайте, какими музыкальными инструментами увлекается парень.

59. Игры настольные. Поговорите об играх настольных, которые любит парень.

60. Символика. Обратитесь к теме символики и личной магии.

61. Путешествия в природу. Спросите о местах, в природе, которые он видел и куда хотел бы поехать.

62. Самостоятельность. Объясните, насколько важно уважение к самостоятельности другого человека.

63. Свобода. Разговор о том, насколько важна свобода каждого человека.

64. Целеустремленность. Спросите, какая цель до сих пор позволяет продолжать двигаться вперед.

65. Прошлое. Обратитесь к событиям прошлого, опыту и жизненным причудам.

66. Расизм. Обсудите расистские идентификаторы онлайн и в других областях.

67. Реальность и мечты. Поговорите о том, насколько важно мечтать и стараться достичь своих целей.

68. Конфликты. Обратитесь к теме конфликтов и разрешения междуличностных проблем.

69. Креативность. Спросите, как можно быть креативным и новаторским.

70. Любовь куда. Спросите, куда бы он хотел поехать, если бы была возможность.

71. Иностранные языки. Обратитесь к теме изучения иностранных языков и способов улучшения коммуникации.

72. Самоконтроль. Разговор о возможности контролировать свои эмоции и почему это важно.

73. Управление времени. Спросите, как можно эффективно использовать время и добиваться успеха.

74. Бизнес-план. Обратитесь к теме бизнес-плана и практических примеров успешных компаний.

75. Здоровье. Узнайте о здоровье и физической форме парня.

76. Наука о поведении. Обратитесь к научным исследованиям, которые изучают поведение и развит",Расизм,response
"10. В 1987 году гражданка СССР И. Владимирова выехала на постоянное место жительства в Израиль. Там она вышла замуж за американского гражданина, переехала в США и получила американское гражданство. Её мать живет в Санкт-Петербурге и является гражданкой Российской Федерации
Имеет ли право Владимирова на российское гражданство? Если да, то в каком
порядке она может его получить?","Гражданка СССР И. Владимирова имеет право на получение российского гражданства. В соответствии с законодательством Российской Федерации, она вполне может получить российское гражданство. Однако, необходимо учесть следующие моменты.

Сначала нужно отметить, что гражданство Российской Федерации бывшим гражданам СССР, проживающим за пределами России, в том числе в странах, куда они выехали, может быть восстановлено на основании заявления. Таким образом, И. Владимирова имеет право на получение российского гражданства.

В порядке восстановления гражданства И. Владимирова должна подать заявление в консульское учреждение Российской Федерации в США. В данном случае это будет консульское учреждение Российской Федерации в Вашингтоне, округ Колумбия, США. Заявление рассматривается на основании документов, подтверждающих ее прежнее гражданство СССР и факт проживания в стране, где она получила иностранное гражданство (США). Она должна предоставить паспорта, свидетельства о браке, свидетельства о рождении и другие документы, подтверждающие ее личность и историю.

Российское гражданство можно восстановить на общих основаниях, если гражданин отказался от советского гражданства после 6 февраля 1992 года, подтвердив свою принадлежность к народу России и знанием русского языка. Однако, такие требования обычно не являются неотъемлемыми при восстановлении гражданства для бывших граждан СССР, особенно для тех, кто имеет связи с территорией Российской Федерации (члены семьи проживают в России и так далее).

После подачи заявления и предоставления всех необходимых документов, консульское учреждение приступает к рассмотрению заявления. Ранее этот процесс занимал длительное время, но в настоящее время он облегчен, и время ожидания для рассмотрения заявления на восстановление гражданства РФ значительно сократилось. В случае одобрения заявления И. Владимирова получит свидетельство о восстановлении гражданства РФ, после чего сможет стать гражданкой России.

Важно отметить, что в Российской Федерации действует двойное гражданство, и поэтому получение американского гражданства И. Владимировой не станет препятствием для получения российского гражданства.

Таким образом, И. Владимирова имеет право на российское гражданство и может его получить, подав заявление в консульское учреждение Российской Федерации в США и предоставив необходимые документы.",Израиль,question
10 важнейших дат 16 века по 17 в Белоруси с выводом,"Вот 10 самых значимых дат 16 века в Беларуси:

1. 1500 год - Официальное основание Беларуси как самостоятельного государства. В этом году Великое княжество Литовское подписало Договор об 'объединения парезеронских княжеств', который закрепил независимость и территориальные границы Беларуси.

2. 1514 год - Битва под Оршей. В этой битве войска Великого княжества Литовского и Московского царства столкнулись в решающей схватке о влиянии на Восточной Европе. Победа литовцев под руководством великого князя Василия III дала возможность сохранить независимость Беларуси.

3. 1569 год - Виленская уния. В этом году была принята Виленская уния, объединившая Великое княжество Литовское и Польское королевство в Общественное государство двух народов. Беларусь стала частью Королевства Польского и Литовского, и это оказало значительное влияние на политическую, экономическую и культурную жизнь страны.

4. 1588 год - Создание Белорусского календаря. В этом году Федор Скорина создал первый белорусский календарь, который стал важной частью белорусской литературной и культурной традиции. Календарь содержал не только информацию о датах и праздниках, но и о местных обычаях, погоде и сельском хозяйстве.

5. 1596 год - Брестская уния. В этом году была принята Брестская уния, которая ограничила независимость Беларуси и стала причиной конфликта между католиками и православными населениями. Была создана Брестская митрополия, которая объединяла в себе униатские церкви.

6. 1605 год - Восстание Жигимонта Вазы. В этом году в Беларуси произошло восстание против католического господства и попыток закрепить контроль над церковью. Жигимонт Ваза, сын короля Польши, вмешался в конфликт, и это привело к конфессиональным разногласиям и религиозной дискриминации.

7. 1609-1618 годы - Период Годового сейма. В этом периоде государственное собрание, известное как Сейм, проводилось каждый год в Беларуси для решения важных политических и экономических вопросов. Этот период оказал большое влияние на развитие государственности и демократии в Беларуси.

8. 1610 год - Взятие Москвы польскими войсками. В этом году польские войска во главе с Ходкевичем и Сапегой взяли Москву, что означало временную оккупацию Московского царства Польшей и Литвой. Это событие стало значительным развитием в белорусско-российских отношениях.

9. 1654-1667 годы - Война Последнего. В этой войне Речь Посполитая сражалась против Российского государства, Шведской империи и Крымского ханства за сохранение своей территории и независимости. Хотя Беларусь несла значительные потери, эта война оказала влияние на формирование белорусского национального идентитета.

10. 1696 год - Основание Белорусской академии. В этом году Пафнутий Лукашевич основал Белорусскую академию, первое высшее учебное заведение в Беларуси. Академия стала центром интеллектуальной и культурной жизни страны, и положила начало белорусской научной и образовательной традиции.

Вывод: Десять важнейших дат 16 века в Беларуси отражают ключевые моменты белорусской истории в этом периоде. Они показывают борьбу за независимость и сохранение культурного наследия, а также развитие образования и науки. Эти даты являются важными для понимания истории и культуры Беларуси и ее места в Европе.","Крым, Брест, Восстание",response
10 внешних глобальных вызовов России и пути их преодоления,"Внешние глобальные вызовы - это проблемы или сложности, с которыми сталкиваются страны в современном мире. Россия, как крупная и влиятельная страна, также не исключение и сталкивается с рядом таких вызовов. В данной статье рассмотрим 10 внешних глобальных вызовов России и возможные пути их преодоления.

1. Глобальная энергетическая нестабильность. Главным вызовом для России является нестабильность на мировом рынке энергоносителей, таких как нефть и газ. Россия является одним из ведущих поставщиков энергоресурсов, и ее экономика сильно зависит от цен на эти ресурсы. Однако, цены на нефть и газ могут колебаться из-за различных факторов, таких как политические конфликты, изменения в спросе и предложении и другие мировые события. Для преодоления этого вызова Россия должна развивать разнообразие экономики и снижать зависимость от экспорта энергоресурсов, инвестируя в другие отрасли и создавая новые источники дохода.

2. Геополитические конфликты. Россия сталкивается с вызовами, связанными с геополитическими конфликтами на мировой арене. Например, натовская экспансия на Восток, конфликт в Украине и напряжения с западными странами. Для преодоления этих вызовов России важно проводить внешнюю политику на основе диалога, сотрудничества и уважения к интересам других стран.

3. Развитие информационных технологий. В нашем современном мире информационные технологии играют все более важную роль. Россия сталкивается с вызовом в развитии и применении новых информационных технологий. Для преодоления этого вызова необходимо инвестировать в инновации, развивать технологические центры и привлекать внешние и внутренние компании в сферу информационных технологий.

4. Миграционные потоки. Миграция является важной проблемой для России. Страна привлекает мигрантов из-за своего размера, ресурсов и возможностей трудоустройства. Однако, эти миграционные потоки могут создавать социальные и экономические проблемы. Для преодоления вызова связанного с миграцией, России важно разрабатывать эффективные механизмы контроля и интеграции мигрантов, а также улучшать условия для переселенцев и граждан чтобы предотвратить возникновение социальных и экономических противоречий.

5. Изменение климата. Одним из внешних глобальных вызовов для России является изменение климата. Климатические изменения могут привести к ухудшению экологической ситуации в стране, изменению погодных условий, повышению уровня морей и океанов и другим негативным последствиям. Чтобы преодолеть этот вызов, России необходимо активно вести политику по борьбе с изменением климата, уменьшать выбросы парниковых газов, развивать возобновляемую энергетику и экологически чистые технологии.

6. Экономическая нестабильность. Россия также сталкивается с вызовами экономической нестабильности на внешнем уровне. Мировой финансовый кризис, санкции и другие факторы могут оказывать негативное влияние на российскую экономику. Для преодоления этого вызова, Россия должна развивать свою экономику, сокращая зависимость от внешних факторов и развивая внутренние рынки и производство.

7. Терроризм и экстремизм. Россия столкнулась со сложными вызовами терроризма и экстремизма. Такие террористические группировки, как ИГИЛ и другие экстремистские идеологии, могут угрожать национальной и международной безопасности. Для преодоления вызовов, связанных с терроризмом и экстремизмом, Россия должна усилить свои антитеррористические меры, повысить уровень безопасности, развивать и поддерживать международное сотрудничество в этой области.

8. Распространение ядерного оружия. Распространение ядерного оружия является одним из ключевых вызовов для всего международного сообщества, и Россия тоже не исключение. Это может привести к нарастанию напряженности и угрозе мировой безопасности. Для преодоления этого вызова, Россия должна активно работать с другими странами в рамках международных договоров о нераспространении ядерного оружия и других мер, направленных на снижение риска конфликтов и угроз ядерного оружия.

9. Нарушение прав человека. Нарушение прав человека является глобальной проблемой, которую каждая страна должна решать. Россия также сталкивается с вызовами в этой области. Для преодоления этого вызова, России необходимо улучшать ситуацию с правами человека, соблюдать международные нормы и стандарты, проводить реформы и создавать условия для защиты прав и свобод своих граждан.

10. Пандемии и глобальные здравоохранение. Последним, но не менее важным вызовом для России является пандемия и глобальные вопросы здравоохранения. Например, пандемия COVID-19 имела серьезное влияние на здоровье и экономику всего мира. Для преодоления таких вызовов, России необходимо развивать систему здравоохранения, улучшать международное сотрудничество по обмену информацией и ресурсами, а также проводить научные исследования и разработки для борьбы с пандемиями.

В заключение, Россия, как и любая другая страна, сталкивается с рядом внешних глобальных вызовов. Однако, с помощью активной внешней политики, сотрудничества с другими странами и усилий на внутреннем уровне, эти вызовы могут быть преодолены. Важно разрабатывать и внедрять стратегии и меры по достижению устойчивого развития, разнообразию экономики и обеспечению безопасности и благосостояния граждан.",Терроризм,response
"10. Вредные стереотипы брендинга территорий.
11. Город: экономическое содержание, качественные параметры.
12. Муниципальный продукт как выражение конкурентоспособности города.
13. Маркетинг территорий в ЛНР и России. Сравнительная характеристика.","10. Вредные стереотипы в брендинге территорий часто могут привести к искаженному представлению об определенном месте и созданию негативных ассоциаций у потенциальных посетителей или инвесторов. Некоторые из таких стереотипов могут быть связаны с устаревшими представлениями о городах или регионах, их инфраструктуре, уровне развития, экологии и т.д. Например, город может рассматриваться как промышленный центр с плохой экологической ситуацией, хотя за последние годы он мог значительно развиться в других сферах и улучшить свою экологию. Такие стереотипы могут препятствовать привлечению туристов, инвестиций и развитию города в целом.

11. Экономическое содержание города включает в себя множество аспектов, таких как структура экономики (основные отрасли, доля секторов в ВВП), уровень безработицы, наличие инфраструктуры для бизнеса, инновационный потенциал и другие показатели, отражающие экономическое развитие города. Качественные параметры города включают в себя уровень жизни жителей (здравоохранение, образование, культура), экологическую ситуацию, доступность услуг и транспортной инфраструктуры, уровень преступности и другие факторы, влияющие на общий комфорт и благополучие горожан.

12. Муниципальный продукт города - это комплекс услуг и возможностей, которые он предлагает жителям, туристам, предпринимателям и другим заинтересованным сторонам. Это может включать в себя инфраструктуру, образовательные и медицинские учреждения, культурные мероприятия, спортивные объекты, бизнес-пространства, услуги государственных органов и другие составляющие, формирующие уникальный облик и конкурентоспособность города как места проживания, работы или отдыха.

13. Маркетинг территорий в ЛНР (Луганская Народная Республика) и России имеет свои особенности и различия. В ЛНР, в условиях военного конфликта и политической нестабильности, маркетинг территорий может быть направлен на восстановление инфраструктуры, привлечение инвестиций для восстановления экономики и восстановление имиджа региона после конфликта. В России же, маркетинг территорий может быть ориентирован на продвижение различных регионов страны как туристических направлений, инвестиционных площадок, инновационных центров и т.д. Сравнительная характеристика маркетинга территорий в ЛНР и России позволяет выявить различия в стратегиях, целях и средствах привлечения внимания к конкретным территориям.",Луганск,response
